0,2017년 01월,2017년 02월,2017년 03월,2017년 04월,2017년 05월,2017년 06월,2017년 07월,2017년 08월,2017년 09월,2017년 10월,2017년 11월,2017년 12월,2018년 01월,2018년 02월,2018년 03월,2018년 04월,2018년 05월,2018년 06월,2018년 07월,2018년 08월,2018년 09월,2018년 10월,2018년 11월,2018년 12월,2019년 01월,2019년 02월,2019년 03월,2019년 04월,2019년 05월,2019년 06월,2019년 07월,2019년 08월,2019년 09월,2019년 10월,2019년 11월,2019년 12월,2020년 01월,2020년 02월,2020년 03월,2020년 04월,2020년 05월,2020년 06월
A-01,1286.8,1341.3,1403.2,1461.0,1402.4,1430.7,1393.6,1369.9,1481.7,1324.9,1469.0,1377.0,1304.7,1306.5,1399.5,1434.3,1402.7,1389.5,1374.9,1338.3,1353.7,1423.3,1451.5,1402.3,1347.6,1269.8,1373.0,1426.6,1409.8,1380.7,1360.2,1354.6,1354.7,1391.8,1425.9,1363.7,1257.3,1222.0,1143.0,1189.4,1229.5,1297.1
A-02,1514.7,,1573.8,1286.6,770.2,437.7,1532.2,1533.0,1612.3,1452.0,1601.8,1538.5,1468.3,1466.2,1546.8,1562.5,1546.6,1528.9,1535.7,1475.7,1494.8,1548.9,1572.8,1542.5,1488.3,1389.4,1507.9,1579.4,1530.2,1499.4,1488.2,1482.2,1468.9,1505.0,1545.7,1490.3,1376.6,1348.1,1254.3,1304.8,1351.7,1427.0
A-03,643.8,742.6,698.2,692.7,665.1,711.9,653.8,631.3,663.2,576.0,637.3,649.6,613.1,628.7,654.6,653.0,650.3,644.0,641.4,628.3,626.2,655.6,670.7,647.4,621.5,592.9,632.1,651.9,635.7,611.7,613.2,608.0,607.3,615.6,640.1,614.6,566.3,548.9,527.9,554.8,586.9,606.9
A-04,222.8,,234.6,246.0,235.1,241.3,236.7,235.6,252.3,225.3,253.6,229.7,217.4,224.6,240.5,251.7,257.4,245.5,254.8,245.1,243.9,249.5,256.0,239.1,228.8,214.5,232.0,248.3,249.4,239.5,245.1,243.6,239.5,241.0,244.5,229.1,213.6,208.3,204.9,218.3,222.6,239.0
A-05,,1065.0,1078.0,1160.1,1126.3,1112.6,1089.7,1098.8,1186.6,1076.6,1252.2,1047.8,1622.1,,,,,,,,,,,1212.4,1165.8,1102.0,1159.0,1159.7,1149.7,1157.2,1159.3,1158.2,1141.6,,1199.7,1160.2,1109.5,1088.1,1018.0,1064.6,1090.8,1125.8
A-06,854.7,889.2,896.7,931.6,932.6,922.0,884.4,889.4,928.3,860.6,913.9,882.2,868.5,861.7,862.5,849.2,861.2,879.6,868.7,874.5,1051.8,1010.3,884.3,881.3,848.5,824.9,859.3,862.8,858.1,858.5,826.9,830.9,815.0,827.7,852.2,838.5,791.9,776.6,734.4,756.7,771.7,798.1
A-07,,877.8,858.7,762.0,630.2,476.5,834.1,807.6,810.8,772.5,828.6,804.8,773.7,761.6,795.7,794.2,798.8,779.1,775.0,764.5,746.5,763.3,802.3,803.9,779.7,748.2,767.9,784.6,788.1,755.8,786.3,772.4,782.2,1026.9,1044.7,1027.2,,935.0,887.8,712.5,692.3,723.7
A-08,,,1247.0,1246.8,1213.9,1192.3,1114.9,1131.8,1139.3,1059.5,1057.2,1113.2,1070.9,1053.8,1105.9,1067.2,1075.6,1084.2,1061.7,1017.9,1011.5,1087.1,1098.5,1109.8,1085.6,1046.5,1083.7,1095.3,1084.1,1090.0,1090.9,1052.4,1030.3,1086.8,1111.9,1093.9,1040.3,1047.7,1009.2,1016.2,1015.2,1042.6
A-09,,1085.7,1058.4,1055.7,1010.8,1021.1,1003.8,996.3,1027.9,927.2,1029.3,1015.4,962.9,950.3,982.1,963.7,937.6,977.5,,,,929.1,960.7,954.5,941.4,914.1,952.5,956.2,941.4,932.2,933.1,916.5,901.8,936.4,950.5,932.1,881.3,893.9,853.9,875.3,873.3,890.2
A-10,1256.2,1354.4,1453.3,1412.8,1350.6,1395.1,1342.6,1351.0,1404.3,1266.3,1082.1,1320.1,1317.6,1267.1,1374.1,1378.3,1352.9,1357.3,1343.6,1334.9,1315.3,1249.0,,1257.9,1226.8,1163.7,1222.5,1255.5,1222.5,1190.9,1204.4,1184.5,1164.3,1209.1,1229.1,1178.4,1061.1,1030.8,956.3,973.1,990.6,1052.6
A-11,1002.4,1090.4,1130.2,1140.3,1094.0,1116.5,1081.8,1052.0,1103.5,863.5,931.6,1046.4,1024.3,1024.6,1099.3,1099.6,1090.6,1085.8,1065.9,1035.5,1051.9,1110.2,1114.1,1082.8,1032.9,982.3,1053.9,1080.3,1071.4,1046.9,1048.6,1052.6,1027.6,1068.0,1070.1,1000.9,911.0,880.9,816.5,849.2,888.0,953.1
A-12,825.6,877.4,,,739.5,,688.4,668.0,701.0,658.3,693.8,661.2,506.2,491.1,538.1,527.8,513.6,521.3,,,,,669.4,650.3,662.9,640.6,673.3,674.1,670.0,660.6,662.2,644.4,636.8,666.5,665.8,655.9,626.3,604.8,551.6,566.9,578.7,602.2
A-13,,,1284.2,1284.5,1249.1,1278.5,1216.2,1428.5,1489.0,1413.3,1458.9,1250.5,1207.0,1197.5,1220.9,1225.6,1227.5,1197.0,1208.5,1180.0,1146.9,1232.1,1280.0,1254.4,1205.4,1134.5,1202.0,1232.1,1196.1,1148.6,1176.5,1160.8,1118.3,1133.7,1180.0,1164.9,1076.7,1035.6,946.2,976.2,1001.6,1030.4
A-14,,,,,,,,,,,,1000.0,967.0,968.0,1000.4,984.6,974.5,958.8,964.2,949.1,939.7,1017.9,1184.5,1146.0,1132.8,1075.3,954.4,981.0,963.0,955.5,956.0,942.4,927.6,947.1,977.0,945.5,890.2,893.3,848.9,846.2,858.5,903.3
A-15,1358.2,1427.9,1364.0,1422.4,1426.8,1439.1,1397.4,1362.0,1387.6,1264.0,1380.3,,,,,,932.9,936.7,932.5,910.4,912.8,938.0,979.0,951.6,940.6,896.4,924.2,941.0,932.3,922.1,945.6,930.1,938.2,928.5,938.6,914.3,866.8,853.2,813.9,824.4,832.8,867.1
A-16,949.6,1026.1,989.5,1058.8,1044.3,1083.1,1031.0,1039.2,1090.0,978.9,1044.9,971.2,979.3,1014.7,969.4,1040.8,999.6,956.9,,932.4,899.3,967.3,1024.0,976.5,968.0,914.9,961.0,1010.2,968.4,932.6,959.7,937.8,912.1,957.4,975.9,918.5,864.2,884.7,837.2,855.9,851.7,910.6
A-17,,,1581.3,1577.5,1520.4,1574.3,1554.6,1488.5,1567.1,1632.9,1600.8,1534.4,1497.4,1489.7,1518.8,1544.8,1522.3,1438.6,1416.5,1421.0,1308.8,1428.8,1510.8,1518.1,1487.9,1312.7,1395.9,1453.4,1412.9,1396.7,1422.3,1391.8,1335.4,1296.3,1410.0,1355.1,1324.0,1287.0,1200.1,1232.8,1264.6,1358.7
A-18,,,698.3,686.8,679.1,691.8,683.5,686.9,712.7,672.9,718.3,714.7,692.6,661.2,714.0,692.0,691.6,757.5,763.5,749.0,724.3,723.9,713.5,686.4,670.8,626.1,669.8,678.0,677.3,671.0,674.7,661.9,643.4,674.3,693.4,670.7,622.0,603.5,559.4,587.9,590.7,622.7
A-19,,401.2,370.8,369.0,348.4,362.5,360.2,357.5,370.9,339.5,377.3,360.8,353.6,353.5,369.5,367.7,360.6,356.4,360.3,357.8,340.1,362.2,380.1,373.0,363.9,335.9,353.2,361.8,352.8,345.2,356.5,386.5,634.2,662.9,671.0,409.9,326.7,322.8,294.8,295.7,303.2,329.0
A-20,1347.7,1425.6,1444.0,1491.1,1443.9,1470.5,1421.1,1430.0,1463.5,1372.0,1433.2,1383.8,1309.9,1331.9,1427.5,1422.6,1413.6,1435.5,1421.4,1441.7,1419.4,1465.2,1468.2,1423.6,1430.9,1382.7,1454.9,1472.1,1467.4,1451.9,1440.6,1435.9,1416.2,1462.8,1448.9,1415.7,1337.2,1305.2,1158.2,1247.7,1283.1,1336.0
A-21,478.5,527.3,543.3,550.5,530.9,531.9,516.5,519.2,560.0,507.1,548.4,521.0,508.6,516.6,555.8,561.8,555.2,550.1,542.8,533.3,528.5,556.1,563.6,534.5,512.0,495.9,535.2,556.3,550.8,535.3,533.8,528.3,519.6,585.8,503.2,473.8,420.0,396.9,360.6,372.2,389.3,414.6
A-22,735.6,795.1,798.2,826.4,798.9,812.9,802.2,791.3,838.2,767.9,817.0,782.4,732.8,739.8,797.8,809.7,799.4,797.7,791.1,781.0,779.2,802.0,810.4,791.9,753.8,718.5,765.9,788.5,777.5,770.9,767.0,761.1,766.8,776.4,789.4,768.0,696.7,649.3,563.0,607.3,639.6,683.4
A-23,306.8,,297.7,314.0,314.6,290.2,275.4,274.1,304.0,263.6,282.0,285.4,276.5,268.2,289.5,300.8,288.4,269.0,283.7,274.7,268.5,236.9,253.3,260.6,248.5,229.2,251.2,274.5,260.5,250.4,256.1,250.8,246.6,255.3,260.1,246.6,222.3,209.8,199.9,207.6,203.3,223.0
A-24,262.7,299.0,302.4,334.5,301.6,303.1,286.4,295.5,316.8,288.8,305.5,282.5,261.2,266.9,295.8,310.1,300.4,300.0,301.2,291.7,294.5,296.8,291.0,279.3,258.6,256.1,275.8,300.3,275.4,257.7,248.7,249.8,252.3,263.6,261.5,242.2,211.9,190.8,179.3,193.9,185.1,196.8
B-01,1126.5,,,1248.1,1256.2,1275.3,1198.4,1158.4,1182.0,1185.5,1235.1,1179.9,1164.3,,,,,1122.9,1116.4,1090.8,1091.8,1106.4,1122.7,1090.1,1040.2,1015.7,1069.7,1101.3,1106.3,1085.0,1076.5,1074.3,1085.7,1106.3,1124.8,1074.9,1030.9,1010.2,992.2,1042.1,1074.6,1094.8
B-02,,,2475.7,2458.6,2367.9,2393.9,2301.6,2300.7,2382.8,2549.9,2293.5,2185.7,1887.2,2466.4,2509.3,,2712.5,,2181.3,2140.4,2180.3,1644.2,2253.0,2247.1,1603.6,1624.6,1667.7,1703.0,1744.6,1722.3,1726.9,1754.1,1734.8,1736.6,1764.0,1662.0,1607.3,1529.1,1518.6,1619.4,1678.0,1706.4
B-03,482.6,,623.6,531.3,314.6,212.3,602.1,652.8,674.0,639.9,661.5,625.4,582.8,611.4,633.2,681.0,645.5,632.2,641.3,634.4,623.0,647.3,665.0,630.5,591.1,586.2,611.2,679.0,651.2,632.6,641.4,639.4,604.2,625.8,643.6,590.0,554.4,533.4,506.7,536.3,561.8,591.9
B-04,,791.3,706.0,724.4,708.8,723.0,686.7,678.7,722.1,672.7,702.8,665.5,623.0,658.0,688.5,692.8,699.0,682.4,677.2,651.3,673.5,676.7,677.6,661.0,635.2,627.4,659.6,679.3,676.7,658.9,656.8,,612.9,663.0,667.7,638.9,574.1,595.0,586.1,618.7,623.1,650.3
B-05,,973.9,1017.5,1039.3,998.3,966.3,977.4,1000.6,1118.0,1048.4,1082.9,993.8,964.5,995.3,1043.7,1049.0,1067.2,1063.5,1059.7,1024.8,1049.4,1066.8,1061.0,1027.1,1001.1,977.4,1020.5,1043.3,1044.5,1027.3,1028.2,1023.6,1008.9,1033.5,1039.1,995.6,946.1,936.9,922.5,970.9,988.8,1011.2
B-06,1146.3,1211.9,1230.1,1268.0,1284.7,1293.0,1238.9,1223.2,1249.0,1199.8,1250.8,1194.2,1174.1,1210.9,1246.9,1251.5,1253.2,1245.0,1262.4,1270.8,1291.1,1313.5,1315.3,1295.4,957.6,930.4,985.9,1014.2,1031.2,1021.4,1018.5,1026.3,992.6,1031.5,1028.0,983.9,936.7,927.3,909.4,973.7,1000.7,1024.1
B-07,2233.5,2271.1,2216.7,2159.8,2189.2,2248.1,1653.1,1732.5,2674.0,2517.2,2548.4,1848.0,1762.1,2216.3,2636.2,2606.7,2580.3,2697.7,2665.0,2647.2,2644.5,2642.0,2650.0,2636.6,2627.3,2550.8,2642.6,2572.3,2601.7,2550.9,2500.9,2505.7,2464.1,2521.0,2503.0,2461.3,2414.4,2329.9,2331.1,2439.4,2452.2,2455.7
B-08,1912.9,1998.6,2045.8,2137.1,2120.1,1959.0,2068.0,2056.9,2137.0,1962.3,2031.8,1815.3,1925.1,1952.2,2136.5,2126.7,2102.4,2106.3,2091.8,2036.2,2068.2,2047.8,2023.9,2018.2,2001.9,1955.6,2074.2,2158.0,2153.7,2109.0,2092.3,2119.4,2062.8,2095.5,2136.4,2032.9,1949.3,1928.8,1928.8,2028.3,2046.4,2104.7
B-09,1473.8,1500.4,1514.4,1624.5,1617.2,1664.1,1584.8,1562.7,1609.2,1522.7,1544.1,1476.8,1500.6,1557.0,1659.0,1689.3,1707.9,1729.4,1624.3,1589.5,1611.5,1576.1,1664.5,1548.7,1534.7,1427.4,1574.7,1626.6,1651.2,1652.7,1676.2,1704.7,1707.5,1749.9,1742.8,1625.9,1562.3,1568.1,1576.7,1667.6,1718.6,1801.0
B-10,3338.1,3493.7,3592.2,3704.1,3799.7,3831.3,3835.6,3876.3,3906.5,3738.1,3697.2,3380.0,3283.6,3349.3,3516.0,3726.2,3708.7,4009.2,4182.7,4152.0,4177.4,4152.6,4224.8,4084.3,4038.5,3936.5,4125.4,4145.4,4053.5,4065.0,4061.1,4299.2,4233.1,4333.2,4253.3,4098.8,3964.5,3857.4,3886.3,4077.8,4170.7,4244.1
B-11,4659.5,4830.2,4946.8,4857.0,4841.6,4912.1,4804.6,3502.5,4038.1,3980.6,4004.4,3784.1,3741.3,3740.5,3937.5,4037.1,3992.3,4009.6,3974.6,3975.0,4048.7,4101.6,4115.4,3940.6,3883.1,3875.7,4038.4,4118.5,4161.8,4106.3,4047.2,4055.3,4046.8,4107.5,4124.5,3951.9,3855.4,3738.9,3695.8,3860.3,3839.8,3946.3
B-12,,,1433.3,1453.1,1326.5,1340.0,1313.2,1310.9,1381.5,1266.1,1347.7,1300.0,1235.9,1272.2,1312.9,1333.0,1307.4,1266.4,1234.6,1205.1,1241.7,1286.9,1301.2,1247.1,1217.1,1179.2,1287.7,1308.7,1295.3,1238.3,1235.7,1222.1,1216.4,1298.4,1308.7,1264.4,1184.7,1175.1,1126.7,1179.4,1213.1,1244.1
B-13,,,,,,,,,,,,,,,,,,,,,,,,,817.0,772.6,809.1,865.6,850.3,821.9,841.7,836.8,834.8,873.7,901.3,831.7,757.2,747.3,708.9,781.4,798.2,
B-14,2256.2,2362.9,2403.8,2377.9,2408.8,2386.7,2307.9,2355.4,2443.2,2328.8,2417.0,2291.1,2267.6,2266.3,2371.3,2377.6,2372.6,2327.0,2304.0,2275.7,2314.7,2343.1,2346.3,2270.4,2239.2,2176.3,2309.0,2346.3,2341.1,2303.7,2265.0,2288.7,2176.6,2227.2,2230.0,2152.2,2081.6,2025.2,2067.0,2139.8,2103.1,2154.5
B-15,1472.8,1467.5,1538.2,1546.9,1496.3,1576.4,1474.4,1437.9,1535.8,1462.3,1480.7,1401.4,1365.2,1398.1,1422.7,1503.0,1435.6,1448.1,1432.5,,,1274.0,1268.3,1229.9,1227.2,1205.3,1266.5,1341.6,1341.8,1322.0,1297.8,1344.3,1266.9,1330.2,1318.9,1270.7,1222.7,1244.1,1219.8,1288.9,1291.9,1339.9
B-16,,,,,,,,,,,,,,,,3380.3,3368.9,3392.7,3370.8,3105.4,3189.6,2375.9,2425.1,2324.6,2279.1,2248.9,2493.7,2594.3,2617.7,2594.2,2560.0,2506.4,2336.4,2586.8,2567.7,2507.8,2522.7,2445.7,2508.4,2660.2,2667.8,2579.8
B-17,,,1341.6,1372.7,1300.0,1300.6,1321.7,1304.6,1371.6,1292.6,1433.8,1356.8,1296.6,1333.2,1368.8,1374.6,1375.1,1319.2,1321.3,1298.2,1346.5,1401.0,1499.1,1267.2,1335.0,1282.7,1256.3,,1284.9,1242.8,1256.7,1257.7,1236.8,1249.0,1395.1,1237.4,1173.8,1128.5,1029.4,,1273.1,1390.3
B-18,,,2033.2,2018.8,1982.2,2015.3,1951.5,1957.5,2021.7,1850.4,1952.8,1873.0,1820.5,1862.1,1904.6,1881.6,1861.7,1823.8,1833.5,1773.8,1766.7,1814.0,1964.4,,,,,1801.3,1789.8,1767.6,1787.8,1760.7,1718.6,1756.4,1769.0,1687.5,1616.8,1602.4,1583.4,1637.8,1631.1,1679.3
B-19,198.0,208.9,221.6,229.7,227.3,229.8,229.6,229.8,240.6,214.6,223.5,223.5,215.3,220.5,231.8,234.2,232.8,231.9,228.8,220.0,217.5,226.0,239.9,223.6,223.3,208.2,216.5,223.1,221.7,216.6,220.7,214.1,210.4,216.8,219.5,212.6,202.3,202.9,191.8,200.7,210.4,217.9
B-20,,613.7,609.7,636.4,631.4,645.9,638.4,635.8,656.4,604.6,623.6,617.3,589.2,614.0,624.4,639.1,632.4,619.9,614.2,595.9,630.5,605.7,625.5,612.9,603.4,596.8,591.3,626.6,623.7,612.9,612.1,604.9,593.9,595.4,604.7,588.9,576.5,565.5,542.0,573.4,590.0,596.4
B-21,330.7,,584.7,555.3,522.5,478.3,537.6,588.6,598.9,571.9,597.1,588.4,568.5,585.8,590.6,589.3,580.3,568.9,570.1,558.4,571.7,571.9,587.6,578.4,564.7,556.7,580.5,631.4,585.0,586.6,525.0,521.6,528.0,532.4,543.8,495.0,472.0,468.5,494.2,518.4,499.4,530.1
B-22,682.8,629.4,610.4,660.3,634.5,629.8,618.1,604.5,583.9,511.0,704.7,730.2,706.5,715.7,720.9,784.9,717.9,716.4,709.7,698.9,696.8,739.3,,665.4,649.3,620.2,646.2,672.6,671.8,661.7,673.1,674.0,656.7,656.9,677.0,642.8,618.3,548.7,517.9,547.2,565.5,575.8
B-23,918.9,961.8,967.7,1002.5,960.4,988.4,983.7,969.7,989.4,898.4,952.2,901.5,885.4,850.6,889.9,919.9,890.6,892.3,924.2,828.6,687.6,872.4,879.3,879.8,881.4,641.1,858.7,,,,,,,1104.6,1022.4,874.0,846.3,844.8,822.7,839.2,828.8,839.2
B-24,,,,,,,,,,,,,1138.8,1116.7,1125.9,1147.1,1127.5,1134.7,1218.2,1155.7,1102.3,1132.4,,1154.4,1145.3,1086.7,1163.1,1179.0,1147.9,1120.7,1153.5,1113.3,1091.2,1126.3,1167.0,1132.1,1092.2,1085.8,1068.7,1093.7,1091.4,1149.0
B-25,,,,727.9,679.1,724.6,738.8,657.0,,,,644.4,640.4,657.5,674.8,696.5,689.2,678.7,690.7,670.2,674.1,676.8,716.8,686.8,664.8,658.0,682.5,691.1,690.1,682.1,687.3,677.0,680.6,681.8,686.6,669.6,609.3,584.3,565.0,602.5,632.4,668.8
B-26,538.8,,541.0,517.5,505.1,514.3,490.0,498.2,539.5,493.7,525.3,495.0,478.6,492.4,507.1,516.3,509.8,506.6,507.5,498.4,502.5,517.4,528.4,507.1,497.9,484.6,501.8,524.0,518.5,510.8,511.4,508.5,495.9,514.8,522.4,490.9,470.4,446.4,413.5,417.4,443.4,451.1
B-27,782.0,603.0,681.7,,,522.3,796.4,781.4,917.4,742.1,,,773.7,768.6,789.0,793.7,789.6,791.9,781.5,758.3,764.6,781.3,786.3,769.0,756.7,742.2,769.6,779.9,775.2,768.1,760.6,759.0,745.2,766.9,771.8,749.1,721.8,722.6,706.4,725.8,726.9,734.7
B-28,,,3607.1,3458.9,3053.6,2845.9,3019.2,3413.4,3542.1,3368.7,3478.3,3374.3,3309.1,3332.7,3473.0,3499.1,3500.6,3541.3,3475.3,3357.7,3477.0,3496.1,3549.4,3497.9,3487.5,3402.4,3538.6,3584.1,3591.8,3588.8,3573.9,3539.6,3443.7,3634.7,3611.0,3530.2,3410.3,3425.4,3396.4,3491.9,3423.0,3536.4
B-29,,,,893.6,815.4,813.2,801.4,806.2,835.1,785.0,813.9,774.1,740.9,766.9,784.5,790.7,787.2,768.4,748.6,730.4,751.0,758.7,779.9,757.2,723.5,714.3,741.1,757.9,746.7,730.4,728.8,723.0,723.8,729.9,736.5,711.4,678.3,664.5,645.1,674.7,698.4,705.5
B-31,1002.1,1037.1,1021.9,1051.6,1054.8,1097.6,1075.0,1057.7,1000.2,847.6,893.2,910.6,910.9,913.8,995.2,994.9,993.0,984.1,984.8,967.3,987.1,1004.6,1001.1,1011.8,991.2,973.6,1001.6,1035.8,1030.4,997.1,1000.1,995.3,983.5,981.4,1006.9,965.4,932.9,880.8,871.0,917.3,944.7,988.7
B-32,1563.4,1552.7,1720.0,1663.9,1699.7,1704.9,1876.6,3387.4,3528.9,3455.6,3618.6,3311.5,3191.1,3137.7,3449.1,3446.1,3422.1,3536.8,3500.4,3481.1,3508.8,3603.8,3602.9,3487.1,3489.9,3327.7,3495.6,3562.9,3564.8,3541.1,3416.7,3453.2,3363.9,3466.9,3473.1,3395.8,3280.8,3233.6,3232.5,3488.1,3455.1,3548.0
B-33,976.6,1029.2,1078.8,1113.7,1118.7,1138.9,1124.8,1138.1,1184.1,1117.2,1121.8,1065.9,1045.6,1081.7,1113.7,1135.3,1129.2,1150.1,1144.2,1111.1,1073.5,,1084.9,1053.3,1023.7,1018.5,1072.3,1096.7,1102.8,1093.8,1098.7,1096.0,1080.6,1014.3,994.3,1040.8,1009.0,956.8,900.5,984.7,1040.7,1059.3
B-34,,745.6,875.0,905.7,898.7,907.6,887.8,885.0,918.6,873.1,828.6,763.5,727.0,763.6,806.6,815.6,819.5,808.1,802.1,774.3,782.9,765.8,730.0,742.2,711.6,716.9,761.1,790.9,825.4,824.8,832.1,846.7,840.9,852.3,845.4,818.5,789.0,767.7,779.0,832.9,853.4,864.1
B-35,,883.0,946.7,958.7,942.1,964.8,944.9,957.9,1016.0,921.1,946.2,879.2,831.0,870.7,910.3,911.2,897.2,889.9,883.7,849.1,859.8,890.5,881.3,865.5,841.2,804.7,871.0,904.9,905.3,889.8,931.2,970.7,969.2,1011.4,1007.7,972.9,920.3,913.0,901.5,944.2,956.2,989.0
B-36,4800.3,4692.2,4624.6,4492.3,4440.0,4468.4,5138.7,5161.4,5277.0,4995.2,5170.5,4937.8,4775.7,4624.2,4635.5,4972.7,5126.1,5302.3,5224.5,5230.2,5230.1,5306.2,5309.5,5233.0,5262.2,4789.9,,5253.9,5196.4,5170.3,5125.3,5148.0,5048.4,5152.0,5157.2,5128.1,4964.8,4857.9,4827.7,4965.8,4848.1,4971.9
C-01,1821.4,1978.1,2085.6,2160.6,2050.0,2135.0,2124.4,2170.5,2249.5,2113.7,2244.3,2057.8,1998.5,2049.8,2138.2,2168.1,2179.0,2198.4,2217.2,2125.8,2188.6,2231.4,2236.3,2129.6,2042.5,1987.4,2083.5,2181.4,2185.8,2125.4,2060.3,2139.1,2062.9,2166.2,2209.0,2076.5,1978.3,1889.2,1889.8,2048.3,2086.0,2235.4
C-02,182.5,190.2,186.3,181.5,183.9,200.6,193.2,,,,,,,,,,,,,,,,,,,,,,,,,,,,,,,,,,,
C-03,2083.2,2076.3,2402.3,2590.9,2576.2,2616.1,2614.6,2637.6,2759.9,2552.0,2685.1,2349.2,2076.9,2067.0,2567.0,2596.1,2557.3,2575.8,2576.2,2540.2,2527.0,2575.9,2572.5,2509.5,2465.8,2381.8,2510.7,2558.4,2560.4,2506.9,2461.3,2491.6,2438.1,2479.1,2431.8,2390.7,2358.3,2302.0,2319.3,2407.5,2364.5,2445.6
C-04,3461.7,3380.9,3534.0,3436.8,3428.8,3535.7,3518.2,3561.5,3606.3,3483.9,3610.2,3527.8,3447.4,3197.5,3624.8,3565.4,3450.6,3652.8,3600.5,3582.4,3556.6,3617.7,3513.5,3324.3,3335.8,3286.6,3425.4,3473.4,3464.4,3411.5,3363.0,3345.7,3291.5,3286.6,3289.7,3192.5,3102.4,3111.7,3018.3,3068.1,2981.3,3128.3
C-05,2747.8,2918.9,2959.4,2977.6,2947.5,3008.2,2958.1,3025.4,3094.1,2966.0,3092.1,2966.4,2885.2,2882.1,3006.7,3010.6,2979.7,2992.5,3177.4,3143.7,3187.2,3298.2,3345.1,3359.4,2908.9,2727.6,2846.7,2903.4,2877.1,2883.6,2867.5,2866.0,2807.0,3007.5,3115.9,3007.1,2867.5,2838.2,2751.9,2829.6,2798.2,2915.0
C-06,1114.0,1186.9,1185.4,1264.8,1209.1,1227.3,1200.2,1214.4,1266.3,1130.0,1265.1,1207.4,1176.1,1163.7,1211.1,1216.5,1192.3,1189.9,1206.1,1194.8,1181.6,1223.8,1235.0,1209.2,935.3,868.9,921.2,960.0,950.9,923.6,931.2,931.6,927.1,978.0,969.2,917.0,865.0,854.8,812.0,839.1,867.2,921.1
C-07,2213.8,2334.6,2489.3,2601.9,2484.5,2490.1,2374.2,2501.3,2390.6,2440.3,2608.0,2491.8,2412.2,2405.3,2480.5,2482.6,2428.6,2522.7,2720.7,2668.6,2650.2,2819.0,2882.3,2806.9,2380.9,2163.0,2274.2,2328.0,2275.7,2191.6,2208.2,2289.7,2264.1,2385.4,2328.1,2204.8,2036.0,2008.5,1875.3,1935.8,1943.3,2049.3
C-08,1172.3,1250.6,1238.6,1261.0,1212.6,1249.5,1222.9,1255.1,1297.0,1166.9,1244.6,1205.2,1171.2,1166.5,1205.0,1184.1,1203.6,1214.3,1233.1,1208.8,1174.8,1221.9,1263.3,1236.5,1140.6,1082.3,1129.1,1164.1,1153.3,1118.9,1124.2,1119.2,1118.8,1080.5,1156.5,1088.0,1048.3,1031.4,981.2,965.3,,1087.2
C-09,2099.2,2178.8,2180.5,2234.4,2213.6,2228.4,2187.9,2159.1,2292.5,2178.4,2288.8,2234.4,2206.8,2217.6,2231.8,2231.7,2222.4,2201.7,2177.8,2157.5,2170.3,2194.3,2196.7,2163.9,1924.1,1898.8,2005.9,2006.6,1997.1,,1983.6,1982.7,1974.2,2022.8,2087.3,1984.9,1889.0,1853.9,1771.2,1841.2,1881.1,1930.0
C-10,1282.1,1338.2,1356.3,1407.8,1387.0,1412.1,1382.9,1411.8,1474.4,1384.0,1485.7,1403.2,1368.6,1380.0,1439.6,1455.2,1437.7,1452.3,1411.8,1372.3,1375.3,1425.0,1408.2,1374.5,1217.6,1167.2,1271.7,1273.4,1270.9,1240.2,1230.0,1248.9,1200.1,1238.5,1249.5,1163.8,1111.2,1080.1,1040.2,1099.8,1141.3,1209.5
C-11,2112.9,2216.1,2252.0,2272.1,2223.7,2272.3,2053.7,2252.5,2296.4,2111.9,2179.4,2103.3,2051.6,2030.3,2172.3,2264.2,2210.1,2235.0,2165.4,2081.5,2177.6,2199.7,2209.0,2124.2,1991.3,1925.4,2037.1,2073.3,2082.2,2041.3,2014.1,2009.2,1973.0,2052.9,2045.1,1999.2,1927.8,1869.4,1771.1,1858.0,1882.2,1949.5
C-12,292.6,333.5,345.7,357.8,347.3,364.2,353.9,367.1,379.8,356.0,382.8,364.4,348.5,358.6,384.0,401.1,398.1,415.3,427.0,417.1,441.3,441.1,432.3,424.0,412.5,398.2,429.4,449.1,445.4,437.7,444.6,436.3,435.0,438.9,455.4,432.4,401.0,408.0,411.7,437.6,457.9,480.7
C-13,3785.7,3392.3,3193.9,3820.3,3342.7,3329.0,4279.9,4408.0,4465.1,4299.9,4281.6,3958.9,3966.0,3799.4,4363.2,4351.5,4296.4,4384.2,4360.2,4358.8,4228.8,4442.9,4397.4,4277.5,4159.1,3990.5,4203.2,4284.2,4259.5,4204.6,4141.9,4175.6,4105.7,4251.5,4173.7,4046.2,3919.5,3823.4,3572.1,3738.3,3748.3,3904.6
C-14,1584.9,1694.6,1707.1,1736.7,1687.5,1734.8,1687.2,1681.7,1747.2,1601.2,1745.5,1636.1,1611.0,1576.5,1679.4,1673.7,1650.0,1636.0,1636.3,1610.5,1588.2,1679.7,1674.9,1621.3,1561.5,1487.7,1590.8,1630.1,1601.0,1566.6,1571.2,1555.4,1520.1,1582.5,1552.5,1512.3,1442.2,1436.9,1401.6,1455.1,1473.8,1539.1
C-15,2624.6,2664.0,2825.4,2860.2,2805.8,2845.3,2815.4,2823.1,2887.2,2700.8,2856.2,2763.6,2681.2,2556.2,2715.4,2778.4,2765.0,2829.6,2793.4,2767.0,2757.9,2814.9,2838.2,2797.4,2676.1,2660.5,2829.7,2905.7,3119.7,2914.5,2810.9,2810.7,2685.8,2766.1,2555.8,2734.0,2597.9,2590.3,2546.2,2635.2,2608.0,2671.1
C-16,2543.5,2695.3,2723.8,2736.0,2401.7,2549.6,2567.8,2633.4,2660.4,2566.8,2773.8,2592.4,2319.9,2265.2,2659.2,2724.7,2709.6,2708.6,2720.8,2681.8,2624.6,2753.1,2736.0,2697.0,2626.9,2512.1,2644.2,2660.2,2653.8,2616.6,2606.9,2589.2,2510.9,2648.9,2655.6,2580.7,2463.1,2469.0,2354.5,2465.2,2484.7,2586.7
C-17,2500.8,2643.2,2694.1,2661.8,2693.6,2671.1,2579.9,2623.9,2717.9,2591.4,2713.5,2577.9,2549.6,2564.5,2664.3,2681.5,2694.6,2687.7,2636.3,2622.1,2663.3,2713.6,2720.0,2650.8,2598.0,2526.2,2660.3,2720.6,2704.1,2659.6,2611.1,2620.7,2603.9,2701.2,2703.8,2632.0,2513.9,2474.4,2460.7,2570.4,2576.6,2646.5
C-18,2012.4,2180.4,2309.6,2186.6,2166.6,2187.0,2168.9,2217.0,2331.3,2177.9,2330.4,2187.2,2092.8,2110.6,2195.8,2225.6,2180.7,2164.1,2186.3,2171.4,2177.5,2203.6,2239.8,2149.7,1915.5,1889.9,2000.8,2079.0,2040.4,2010.1,1970.7,2005.2,1976.1,2066.9,2050.6,1997.1,1876.3,1836.2,1756.4,1896.0,1927.4,1980.5
C-19,1297.4,1363.7,1369.9,1419.3,1393.8,1413.8,1411.3,1436.1,1502.0,1366.7,1483.6,1370.8,1313.5,1347.5,1423.6,1466.6,1466.9,1469.0,1474.1,1463.9,1451.2,1480.1,1516.6,1482.1,1282.9,1245.9,1316.1,,1372.2,1350.4,1367.1,1396.0,1362.6,1398.7,1427.3,1355.3,1264.9,1219.4,1171.0,1303.4,1399.2,1453.2
C-20,1841.9,1868.5,1945.7,1825.7,1865.1,1857.1,1785.6,1894.6,1941.7,1835.7,1835.1,1743.9,1728.4,1573.4,1816.9,1770.6,1755.5,1784.3,1814.8,1804.1,1817.3,1864.4,1858.8,1822.2,1670.3,1626.5,1673.0,1713.1,1708.8,1682.4,1689.7,1681.7,1623.1,1715.7,1695.5,1644.7,1563.0,1510.6,1462.7,1372.8,1214.9,1297.4
C-21,334.0,357.9,365.2,381.8,376.3,377.9,379.1,367.1,352.9,372.5,377.3,343.1,316.8,323.9,374.1,388.0,398.4,406.5,401.8,390.6,393.5,398.3,399.7,388.6,316.4,308.5,322.5,330.2,326.7,320.9,328.8,327.5,320.5,341.4,341.2,323.5,303.4,297.6,284.0,345.1,386.5,389.8
C-22,427.4,445.1,529.2,565.6,586.4,584.5,527.7,,,,,,,,,,,,,,,,,,,,,,,,,,,,,,,,,,,
D-01,854.6,900.9,915.0,966.1,936.7,953.4,933.1,934.9,995.0,907.5,968.1,798.7,867.8,921.2,951.9,964.0,958.1,945.3,946.9,923.7,944.4,945.9,938.0,916.7,888.9,881.7,914.3,942.0,936.2,918.4,918.4,930.7,911.0,925.9,945.9,896.1,856.1,824.1,809.7,857.9,882.5,900.7
D-02,,,,,,,,,,,,797.8,794.6,868.9,904.3,933.3,937.4,935.2,926.8,904.7,944.1,958.2,949.7,924.0,880.2,883.2,928.2,960.7,948.3,922.4,910.2,930.0,919.3,947.3,953.5,896.1,893.5,875.1,799.6,875.5,951.2,896.6
D-03,1328.1,1432.0,1413.5,1460.3,1431.0,1440.6,1389.8,1391.8,1443.7,1314.5,1420.8,1327.0,1296.7,1272.8,1366.3,1377.7,1361.6,1347.5,1347.8,1289.0,1300.5,1384.9,1400.9,1347.2,1321.7,1255.8,1351.9,1381.6,1354.7,1318.7,1317.4,1312.6,1277.7,1340.2,1337.4,1304.0,1222.6,1224.6,1188.4,1222.3,1224.5,1271.3
D-04,1769.0,1889.7,1899.5,1962.4,1926.1,1961.2,1936.6,2018.8,2171.9,2010.5,2013.2,1912.4,1852.6,1856.4,1947.3,1968.1,1952.5,1957.1,1955.4,1967.8,1956.5,1995.7,1929.0,1915.5,1784.7,1721.0,1808.1,1851.3,1857.5,1846.1,1826.2,1856.5,1810.3,1870.8,1859.7,1780.1,1678.8,1647.2,1601.1,1673.4,1694.3,1775.8
D-05,,,1819.2,1798.9,1742.6,1771.2,1753.6,1742.9,1819.9,1669.3,1787.2,1734.7,1678.0,1694.1,1752.5,1752.0,1721.9,1815.9,1844.8,1813.9,1789.0,1812.8,1801.3,1839.6,1808.8,1750.2,1818.7,1849.8,1829.0,1797.7,1807.5,1791.0,1672.4,1731.0,1755.6,1693.9,1603.3,1586.2,1567.6,1610.0,1619.7,1678.2
D-06,1324.3,1422.3,1427.2,1485.6,1464.0,1502.2,1472.0,1480.9,1542.4,1425.8,1514.6,1422.3,1381.2,1430.9,1460.7,1466.1,1456.0,1487.6,1491.3,1488.6,1472.5,1478.1,1462.1,1449.3,1336.0,1282.4,1351.6,1399.7,1401.4,1365.0,1375.9,1389.7,1354.0,1410.2,1407.8,1350.4,1272.6,1245.1,1215.3,1273.0,1288.2,1347.4
D-07,1474.3,1537.5,1540.9,1588.5,1600.3,1661.0,1633.7,1621.9,1688.8,1583.2,1649.3,1563.9,1536.3,1541.2,1617.0,1629.5,1619.6,1635.4,1624.2,1609.6,1591.7,1625.0,1596.5,1598.7,1374.4,1340.7,1393.3,1425.6,1428.8,1410.5,1396.4,1397.3,1356.2,1436.4,1420.9,1380.5,1322.4,1330.8,1299.8,1343.0,1353.3,1400.5
D-08,1176.6,1234.4,1260.0,1285.9,1285.9,1278.8,1262.7,1260.5,1343.5,1186.1,1222.6,1117.8,1368.2,1409.8,1471.0,1474.9,1465.8,1463.9,1431.0,1405.3,1433.8,1455.5,1476.4,1457.7,1430.9,1404.5,1445.8,1477.9,1480.0,1462.3,1448.3,1432.3,1439.3,1456.9,1470.5,1446.7,1403.9,1407.4,1399.1,1433.9,1439.7,1451.9
D-09,1203.7,1232.7,1243.2,1267.9,1279.7,1299.1,1253.6,1235.9,1268.4,1184.0,1217.3,1181.2,1159.6,1169.4,1219.3,1222.4,1209.5,1204.0,1189.3,1176.4,1162.5,1191.1,1220.6,1223.5,1199.0,1170.4,1214.2,1232.4,1217.6,1211.3,1219.1,1200.0,1184.2,1203.9,1210.5,1196.1,1152.0,1130.8,1112.0,1138.7,1147.2,1176.8
D-10,1575.6,1640.0,1667.3,1712.1,1749.3,1745.4,1719.2,1742.2,1794.9,1719.0,1747.1,1684.2,1648.5,1672.7,1729.1,1743.2,1736.0,1745.7,1748.8,1745.0,1755.1,1774.4,1747.8,1734.1,1371.2,1362.8,1416.6,1441.3,1451.8,1430.6,1429.2,1453.0,1417.6,1474.8,1453.0,1411.4,1370.2,1355.3,1337.9,1393.5,1411.6,1431.8
D-11,994.3,1019.5,1028.0,1077.9,,,,,,1284.1,1182.6,928.2,1000.0,976.0,979.6,983.2,982.0,982.4,985.3,976.0,981.4,961.1,963.8,971.1,947.0,932.5,947.0,961.7,951.8,945.2,950.1,946.9,938.9,946.2,955.7,947.2,912.7,901.5,870.7,897.7,910.8,930.1
D-12,2593.7,2689.1,2688.9,2617.2,2599.9,2720.7,2665.3,2451.1,2519.4,2500.7,2531.9,2469.0,2434.2,2445.3,2525.8,2529.5,2535.8,2549.2,2525.2,2529.0,2523.3,2561.7,2561.4,2554.7,2528.0,2479.2,2548.4,2570.2,2545.1,2575.6,2482.9,2492.8,2441.3,2522.7,2574.1,2542.9,2463.0,2472.1,2475.4,2504.6,2490.4,2514.0
D-13,,901.1,930.4,952.3,937.2,946.0,922.7,893.5,903.5,851.9,900.1,885.0,867.1,893.8,910.7,916.8,920.2,895.5,901.2,897.7,883.4,896.3,880.9,895.2,860.5,842.8,865.0,886.0,885.6,858.8,863.3,864.1,836.0,844.7,840.5,824.7,788.5,756.9,703.5,756.7,788.0,811.3
D-14,1742.9,1553.6,1521.7,,1568.3,1589.8,1750.7,1561.4,1588.5,1425.2,1529.8,1530.1,1469.9,1483.8,1524.6,1543.6,1541.0,1530.5,1523.0,1509.8,1551.9,1477.9,1359.0,1424.6,1401.7,1399.8,1426.9,1435.0,1432.1,1418.8,1415.2,1427.6,1407.1,,,1420.2,1390.8,1351.5,1317.5,1367.9,1387.3,1410.4
D-15,1359.3,1304.8,1321.1,1318.4,1364.8,1480.7,1438.4,1383.1,1416.7,1398.1,1362.4,1402.2,1346.0,1381.4,1414.2,1421.2,1419.4,1426.9,1419.2,1378.8,1388.1,1379.9,1423.3,1436.9,1411.8,1389.9,1427.1,1439.0,1415.8,1429.2,1424.5,1421.7,1397.1,1418.1,1415.4,1423.9,1391.8,1370.6,1348.6,1392.6,1402.8,1423.6
D-16,,2436.0,1681.7,1694.9,1637.1,1666.5,1631.0,1631.2,1675.1,1546.0,1671.4,1619.1,1592.8,1557.8,1630.6,1642.5,1623.1,1623.9,1627.3,1593.8,1570.9,1645.1,1666.6,1656.1,1608.6,1543.0,1628.8,1662.9,1640.7,1617.1,1617.9,1606.2,1576.4,1629.7,1656.3,1615.1,1515.4,1479.8,1401.6,1409.4,1458.2,1518.8
D-17,788.2,,805.7,809.9,789.8,795.3,778.1,784.4,799.2,755.9,793.9,775.1,747.7,746.3,786.1,784.2,784.7,778.2,758.1,751.8,745.4,761.9,769.8,770.5,752.0,746.7,768.5,777.3,776.9,762.6,758.8,764.6,752.4,765.9,777.9,766.9,724.2,711.7,667.8,696.2,713.9,725.2
D-18,1653.6,1582.1,2970.9,1686.2,1708.9,1302.0,,,1791.5,1541.9,1464.0,1729.1,,,1486.7,1493.2,1498.1,1454.2,,1446.6,1404.4,1486.3,1459.0,1443.3,1427.4,1405.0,1446.2,1505.8,,,1472.5,1508.9,1506.7,1513.8,1501.1,1453.5,1426.8,1382.8,1394.8,1415.4,1411.8,1487.2
D-19,,,2371.7,2324.5,2324.8,2318.1,2362.3,2282.6,2356.0,2203.0,2305.8,2232.4,2188.2,2225.3,2332.1,2402.5,2404.7,2202.6,2090.0,2078.6,2334.4,2236.3,2273.3,2226.3,2197.4,2146.7,2212.0,2266.1,2297.2,2257.7,2246.8,2236.1,2238.3,2278.4,2283.8,2193.8,2161.6,2134.7,2053.2,2197.7,2242.2,2122.3
D-20,831.8,875.1,861.9,843.2,883.4,894.2,879.5,869.0,894.0,826.2,870.0,722.0,807.6,811.3,833.0,827.1,826.9,823.7,827.5,813.6,809.0,826.0,834.2,833.0,823.1,804.9,828.4,834.6,824.8,819.0,816.0,807.4,792.7,807.9,813.0,805.8,787.3,784.4,758.7,781.8,790.3,796.2
D-21,,,,,,,,,,,,,1551.9,1540.6,1572.9,1630.5,1622.0,1609.3,1479.4,1498.4,1499.6,1478.9,1453.3,1407.9,968.8,940.0,979.6,1043.6,1113.6,1098.1,1110.4,1096.0,1084.9,1079.2,1103.2,1049.1,987.0,957.8,919.5,952.5,976.5,1105.1
D-22,906.0,1084.7,1110.7,1111.0,1101.2,1114.2,1065.8,1067.8,1121.5,1064.6,1092.9,1026.5,994.2,1014.8,1044.9,1048.7,1036.2,984.2,990.5,956.5,1003.8,1013.5,1056.7,1050.3,1028.2,1009.6,1052.6,1067.0,1036.8,1032.0,1044.9,1027.9,1023.7,1050.0,1050.2,1028.5,998.9,982.3,960.3,984.9,967.3,931.7
D-23,1104.9,1105.2,1132.9,1110.9,1121.8,1148.6,1122.7,1098.3,1132.7,1086.6,1102.6,1034.3,1086.1,1093.9,1132.8,1126.6,1114.7,1109.7,1098.2,1068.5,1073.0,1089.9,1111.4,1085.5,1062.9,1043.2,1091.6,1084.4,1083.2,1078.2,1064.1,1068.8,1047.1,1073.8,1089.4,1083.0,1036.1,1031.7,973.5,1015.6,1027.6,1045.6
D-24,,1722.8,1790.1,1809.1,1739.9,1828.0,1802.4,1762.3,1791.1,1687.1,1772.1,1723.1,1637.4,1653.3,1728.9,1738.6,1722.7,1698.0,1708.3,1660.4,1648.9,1695.5,1726.0,1689.6,1645.7,1598.0,1672.7,1692.5,1659.7,1658.6,1671.9,1684.7,1633.5,1670.9,1684.1,1635.9,1546.6,1528.3,1477.4,1529.9,1555.3,
D-25,,,1257.2,1254.7,1204.1,1246.6,1208.7,1167.1,1159.9,1156.3,1263.8,1244.5,1182.1,,1226.7,1193.4,1104.4,,1208.6,1202.4,1187.9,1213.8,1254.4,1223.2,1212.6,1166.5,1202.9,1206.8,1206.5,1190.3,1207.4,1180.1,1170.0,1205.4,1223.4,1195.6,1146.6,1139.9,1086.3,1132.5,1140.8,
D-26,,1905.7,1847.0,1720.0,1676.2,1704.9,1685.6,1668.0,1716.3,1600.0,1684.7,1632.1,1550.6,1577.8,1620.3,1643.2,1624.8,1603.7,1602.8,1560.5,1542.9,1572.1,1583.8,1582.3,1556.9,1510.6,1584.8,1584.5,1576.3,1550.6,1573.5,1558.0,1520.5,1546.8,1561.2,1515.3,1449.2,1419.5,1365.4,1409.6,1442.7,1493.5
D-27,2422.2,,2180.5,2142.9,2612.0,,2608.1,2661.4,2073.8,1274.3,1501.5,,,,,,,,,,,,,1303.4,1285.4,1210.6,1292.7,1347.1,1308.2,1252.1,1289.0,1275.0,,1257.6,1269.5,1210.2,1152.9,1121.3,1060.8,1074.1,1090.3,1092.3
D-28,2078.3,2187.1,2230.6,2253.8,1856.5,1941.4,2031.3,1910.9,1704.7,1710.5,1854.1,1789.8,1756.3,1763.8,1767.2,,,1865.9,1851.0,1823.6,1808.7,1820.9,,1838.9,1822.4,1732.3,1831.2,1931.9,1860.2,1839.9,1854.4,1849.3,1805.6,1903.9,1891.7,1832.8,1717.5,1725.6,1654.9,1725.8,1743.5,1828.2
D-29,1838.6,,1928.5,1925.2,1836.7,1885.9,1857.0,1847.9,1873.0,1680.3,1831.0,1791.4,1713.2,1719.5,1780.2,1804.5,1770.0,1764.9,1770.4,1753.5,1762.6,1811.2,1753.8,1822.5,1822.8,1735.0,1814.6,1879.0,1816.3,1786.6,1816.4,1816.0,1791.3,1846.0,1867.2,1802.3,1696.7,1725.0,1655.1,1711.5,1666.8,1732.3
D-30,1381.0,1445.0,1465.9,1472.2,1460.3,1456.6,1448.5,1462.0,1493.3,1440.4,1504.3,1542.1,1477.5,1501.8,1546.7,1550.5,1549.6,1550.7,1537.4,1517.9,1521.4,1523.9,1548.9,1532.7,1504.3,1481.9,1524.6,1527.9,1535.8,1531.1,1544.0,1539.1,1522.4,1544.5,1558.5,1534.0,1479.7,1452.6,1408.3,1438.1,1460.9,1479.3
D-31,2205.0,2294.6,2339.2,2400.0,2402.1,2432.1,2377.7,2382.1,2427.4,2346.1,2403.9,2331.3,2292.8,2284.8,2374.1,2395.2,2490.9,2474.3,2345.3,2276.0,2287.3,2356.3,2302.1,2324.4,1808.9,1774.3,1852.2,1872.6,1859.7,1867.3,1840.5,1846.4,1807.7,1834.6,1831.6,1803.0,1730.2,1690.6,1680.4,1727.6,1740.5,1785.2
D-32,403.0,410.6,404.0,401.5,406.4,403.7,407.2,396.0,406.4,430.0,397.4,377.6,361.1,364.1,376.3,377.4,377.4,373.7,379.8,367.8,359.5,362.0,375.1,359.5,349.2,336.7,343.2,347.4,350.5,344.9,348.3,345.8,340.9,342.7,351.4,335.1,323.9,325.0,309.8,324.3,330.5,333.3
D-33,2130.4,2233.9,2207.6,2280.2,2241.5,2262.5,2224.3,2221.4,2287.3,2118.1,2194.0,2102.9,2048.2,2061.5,2142.6,2150.5,2111.3,2098.7,2056.1,2026.9,1956.1,2006.8,2076.9,2034.2,2019.7,1950.0,2017.0,2075.3,2006.6,2042.5,2030.4,2025.8,1981.7,2016.3,2017.3,1985.8,1923.8,1939.1,1866.4,1923.7,1948.4,2007.2
D-34,1857.0,1950.0,1990.8,2044.9,1948.1,2006.2,1938.4,1921.9,2039.2,1846.9,1984.3,1902.3,1869.9,1838.7,1947.9,1958.0,1937.9,1916.4,1911.7,,,2015.4,1961.1,1903.9,1893.8,1790.4,1891.2,1916.6,1847.8,1829.0,1830.8,1825.8,1790.0,1855.2,1880.3,1797.9,1695.0,1707.1,1645.2,1710.7,1729.0,1822.6
D-35,1468.3,1525.2,1517.5,1576.2,1517.4,1529.7,1512.1,1548.1,1593.9,1519.9,1593.3,1538.1,1527.9,1507.3,1550.9,1546.6,1553.6,1568.1,1610.5,1645.1,1636.2,1694.2,1704.3,1692.5,1174.2,1112.4,1169.1,1188.4,1168.5,1146.2,1158.4,1152.7,1126.7,1183.6,1191.2,1152.9,1096.6,1099.7,1040.4,1072.7,1062.6,1106.6
D-36,,,,,2011.5,2064.4,,2044.5,2066.3,1912.8,1926.9,1848.1,1815.1,1820.0,1917.6,1929.9,1900.9,1880.2,1869.9,1854.8,1807.2,1891.0,1907.9,1834.6,1836.8,1749.9,1852.9,1876.7,1836.9,1823.5,1829.2,1823.2,1753.9,1761.3,1752.3,1812.8,1736.0,1705.7,1626.0,1689.0,1717.4,1784.5
D-37,1962.2,2088.4,2115.4,2199.8,2122.4,2151.4,2125.9,2080.3,2072.2,2020.6,2184.6,2073.4,2091.7,2041.2,2157.1,2142.7,2123.7,2130.1,2149.8,2173.8,2131.6,2196.7,2218.2,2145.2,1691.9,1622.1,1731.6,1761.5,1745.0,1719.5,1738.1,1707.7,1649.6,1748.0,1744.8,1688.3,1612.7,1603.7,1522.8,1597.6,1623.8,1685.0
D-38,,,,1386.9,1404.3,1374.2,1359.0,1467.2,1512.6,1365.4,1402.9,1224.2,1266.9,1236.0,1307.4,1315.1,1268.7,1281.9,1263.2,1241.0,1206.3,1252.6,1297.0,1254.2,1244.8,1167.2,1272.9,1317.7,1301.2,1242.9,1242.1,1238.5,1189.9,1228.1,1249.8,1198.6,1142.8,1159.3,1094.5,1147.1,1165.8,1212.0
D-39,1640.5,1757.2,1752.7,1722.1,1674.2,1716.7,1728.4,1734.1,1801.2,1648.8,1721.0,1921.4,1887.5,1948.8,2025.2,2087.7,2012.0,1996.3,2001.7,1957.9,1901.2,2013.4,2045.6,2004.4,2040.7,1929.1,2038.6,2072.2,2070.1,2047.7,2063.5,2020.6,1995.4,2041.1,2066.5,2018.8,1941.4,1897.9,1787.3,1882.4,1936.5,1997.2
D-40,,,1356.5,1347.5,1321.0,1335.3,1303.8,1316.2,1359.0,1212.7,1304.0,1206.8,1157.6,1197.5,1247.3,1282.1,1270.9,1276.6,1270.2,1234.8,1235.5,1282.5,1323.4,1251.8,1246.6,1187.1,1263.2,1316.1,1293.3,1267.6,1244.6,,,1316.3,1308.5,1240.5,1148.4,1129.3,1086.7,1170.6,1254.1,1338.3
D-41,764.6,818.0,853.1,912.8,1093.8,1260.1,961.7,880.6,981.4,848.3,938.7,890.0,823.5,919.8,897.5,932.0,908.3,908.6,894.1,850.7,889.0,865.3,897.8,844.7,1237.7,1193.5,1258.4,1326.4,1290.7,1261.9,1267.3,1288.4,1267.3,1318.7,1300.9,1257.2,1166.3,1144.8,1098.6,1118.5,1136.3,1194.5
D-42,1530.3,1633.6,1666.6,1685.6,1612.7,1644.4,1696.9,1700.5,1736.0,1489.6,1593.1,1503.5,1488.9,1400.7,1551.2,1537.4,1491.2,1497.6,1512.5,1505.5,1421.7,1493.3,1508.1,1499.5,1525.0,1421.2,1508.6,1528.3,1498.8,1485.0,1212.5,1442.4,1375.0,1444.1,1461.7,1433.4,1367.7,1395.9,1294.7,1290.5,1299.7,1384.9
D-43,2157.3,2276.9,2259.9,2347.9,2235.7,1844.4,1857.3,2035.4,1999.3,1929.7,2010.1,1867.9,1592.5,1851.1,1975.8,1929.2,1906.4,1944.2,1973.1,1994.9,1958.5,2022.6,1988.6,1959.6,1525.6,1472.6,1498.4,1516.1,1528.6,1496.7,1495.4,1491.3,1451.7,1512.5,1516.1,1518.5,1445.6,1459.0,1371.1,1395.5,1372.9,1400.1
D-44,1143.5,1199.9,1202.0,1243.4,1228.5,1287.6,1072.3,1081.9,1129.8,1056.5,1073.7,941.4,927.2,914.7,961.5,1014.3,988.3,960.8,986.3,958.0,945.0,980.2,961.9,1001.2,771.1,721.4,763.6,776.2,756.9,775.4,772.2,791.0,748.1,780.0,793.7,771.6,734.1,726.3,623.7,690.4,719.4,743.2
D-45,1428.1,1484.8,1482.8,1539.0,1474.5,1504.7,1454.7,1477.7,1471.0,1393.1,1475.5,1453.1,1444.7,1448.8,1483.3,1496.2,1476.3,1410.4,1364.6,1431.5,1325.0,,1495.8,1450.1,1606.2,1548.7,1610.1,1642.9,1617.4,1584.9,1593.1,1587.6,1556.3,1600.2,1625.5,1586.2,1507.4,1463.2,1393.8,1463.9,1510.1,1560.4
D-46,1077.2,1065.4,1067.7,,1050.0,1082.5,1157.1,1157.2,1195.4,1086.5,1137.5,1118.7,1104.0,1103.7,1119.0,1135.3,1123.7,1137.0,1140.9,1119.6,1093.6,1107.9,1252.1,1136.4,,,,,,,,,,,,,,,,,,
D-47,1110.5,1181.8,1167.2,1202.9,1120.6,1140.9,1120.1,1133.2,1209.9,1129.8,1149.0,1110.7,1097.3,1112.9,1083.7,1077.7,1043.6,1035.1,1036.4,1026.0,1013.7,1050.7,1039.1,960.5,,,,,,,,,,,,,,,,,,
D-48,776.9,818.1,814.5,852.7,821.3,820.7,832.5,836.4,844.4,743.0,780.3,755.5,722.4,729.8,689.1,761.8,761.4,758.8,766.8,748.6,715.8,718.0,779.5,764.6,,,,,,,,,,,,,,,,,,
D-50,,,,,1737.0,1763.0,1594.8,1556.8,1653.5,1536.6,1590.4,1554.8,1515.3,1504.5,1566.8,1616.5,1547.9,1558.3,1533.7,1500.1,1509.0,1530.0,1446.2,1494.2,,,,,,,,,,,,,,,,,,
D-51,1910.6,1996.7,2014.7,2007.8,1891.7,1936.0,1871.6,1881.6,1906.4,1907.1,1964.1,1958.4,1958.7,1939.5,,,,,,,,1949.5,1981.6,1933.5,,,,,,,,,,,,,,,,,,
D-52,534.1,549.5,542.5,591.7,550.9,590.9,616.1,617.8,669.3,599.8,613.7,619.0,603.6,498.1,471.9,578.5,477.3,451.7,475.0,475.3,442.8,455.4,444.1,433.4,,,,,,,,,,,,,,,,,,
D-53,620.5,653.4,648.1,662.6,663.6,813.4,808.0,805.9,818.1,746.3,799.4,740.1,,,798.8,655.3,627.1,690.2,696.7,657.5,598.7,658.4,684.0,542.0,,,,,,,,,,,,,,,,,,
D-54,414.9,424.3,420.7,440.8,421.5,424.5,404.8,389.0,391.1,365.0,384.2,379.7,360.0,363.7,381.7,397.3,381.1,398.6,410.1,398.1,375.9,375.1,376.4,353.8,,,,,,,,,,,,,,,,,,
F-01,4514.5,4638.8,4720.7,4930.0,4968.4,4938.6,4694.8,4619.6,4751.1,4492.8,4586.5,4454.4,5027.0,4898.2,5132.6,5231.3,5240.3,5330.1,5272.1,5281.8,5273.5,5322.1,5319.5,5220.6,5197.2,5037.0,5234.4,5306.0,5288.4,5204.6,5110.6,5245.5,5138.0,5244.1,5272.0,5169.3,5056.9,5004.3,4902.4,5004.5,4957.9,5019.2
F-02,5016.9,5228.0,5315.0,5110.1,5190.7,5289.5,5215.3,5151.2,5210.2,5041.4,5221.0,5125.8,5036.3,4956.3,5168.3,5186.0,5131.5,5124.8,5023.6,4969.2,4975.6,5096.8,5111.9,5071.7,5037.2,4884.3,5081.5,5044.8,5061.1,5039.4,5000.5,4918.8,4838.5,4965.8,4987.9,4972.5,4852.2,4869.5,4740.3,4806.3,4791.8,4870.1
F-03,3253.3,3366.8,3347.2,3469.8,3331.6,3296.6,3244.2,3267.9,3315.5,3285.2,3411.6,3424.2,3326.9,3310.6,3342.5,3277.2,3237.1,3205.0,3154.5,3063.2,3062.2,3156.0,3133.4,3072.7,3067.4,2970.8,3058.6,3065.9,3048.7,3028.9,2953.2,2953.0,2922.5,2992.0,3048.7,3008.6,2914.8,2876.8,2824.6,2850.2,2849.3,2928.3
F-04,2139.5,2206.1,2144.2,2088.1,2134.5,2121.0,2138.3,2163.5,2314.6,2283.2,2316.7,2274.2,2266.9,2273.5,2346.1,2368.0,2362.3,2390.3,2321.2,2330.1,2356.9,2392.6,2370.1,2320.9,2327.2,2275.3,2355.8,2372.4,2376.4,2356.8,2304.4,2309.2,2271.3,2264.7,2324.3,2273.2,2229.5,2223.7,2229.6,2271.7,2248.1,2268.7
F-05,2977.1,3059.3,3109.8,3059.0,3108.4,3124.3,3012.1,3059.2,3118.4,2974.5,3059.8,2973.9,2892.9,2892.3,3020.7,3006.4,3019.8,3044.0,2985.3,2999.7,3014.8,3035.0,3042.3,3016.4,2978.5,2953.5,3046.7,3036.5,3020.4,3018.5,2969.2,2981.8,2940.3,3012.6,3038.4,2983.2,2882.7,2875.3,2845.6,2928.0,2938.3,2950.4
F-06,4039.4,4182.1,4306.1,4266.7,4352.4,4384.5,4232.5,4239.1,4340.0,4265.8,4325.8,4010.8,4054.1,4052.8,4254.9,4325.5,4315.1,4338.0,4227.9,4201.4,4248.6,4332.6,4341.2,4204.4,4168.5,4099.5,4276.2,4326.5,4347.8,4292.5,4217.6,4217.4,4201.9,4298.4,4280.5,4170.0,4058.7,3984.1,3914.7,4038.3,4071.7,4133.7
F-07,2700.3,2831.1,2900.0,2850.0,2891.7,2889.5,2807.6,2847.1,2939.7,2822.1,2916.4,2789.3,2765.6,2769.4,2903.6,2913.4,2900.6,2878.7,2844.1,2821.5,2862.7,2900.7,2873.6,2817.7,2787.2,2708.1,2815.2,2863.4,2850.4,2829.2,2810.3,2798.2,2812.3,2913.8,2905.9,2824.4,2737.9,2717.4,2715.0,2808.8,2795.2,2877.5
F-08,1143.8,1238.0,1265.8,1348.4,1263.9,1293.4,1224.3,1284.7,1354.6,1243.0,1340.6,1226.2,1283.9,1218.1,1284.0,1338.4,1300.8,1289.1,1355.4,1286.5,1291.3,1316.6,1331.3,1269.6,1440.8,1447.5,1509.2,1550.2,1580.4,1526.9,1557.7,1585.4,1556.8,1597.4,1631.3,1588.0,1571.0,1543.4,1481.6,1561.4,1616.5,1643.8
F-09,2385.6,2474.3,2489.5,2458.7,2492.1,2520.9,2473.6,2438.6,2530.4,2329.5,2356.7,2286.2,2298.2,2207.1,2416.2,2371.6,,,2341.2,2326.7,2346.8,2328.8,2334.5,2383.7,2356.5,2329.3,2393.9,2332.1,2358.1,2386.5,2338.2,2345.3,2299.6,2334.3,2306.1,2337.2,2304.9,2290.2,2261.1,2279.0,2263.1,2246.3
